[{"@type":"mappingTemplate","id":"@1","name":"Mapping_RESTV2","description":"","autoExpireObject":false,"bundleVersion":"0","assetFrsGuid":"4WQMf2BQTwKlIMQkjBfeiF","templateId":"@3","hasParameters":false,"valid":true,"fixedConnection":true,"hasParametersDeployed":false,"fixedConnectionDeployed":false,"isSchemaValidationEnabled":false,"tasks":0,"mappingPreviewFileRecordId":"@2","documentType":"MAPPING","allowMaxFieldLength":false,"specialCharacterSupport":false,"references":[{"@type":"reference","refObjectId":"@8pKv3tz1sz5i9u9baEHIw7","refType":"connection"},{"@type":"reference","refObjectId":"@cVJp5gXDrMCeTmx6Coa4ik","refType":"connection"}]}]